ASIN,New COGS
B006CV65R8,85.71
B006CV6W6M,88.49
B006K40R1C,80.15
B006K424RM,70.42
B006K42U7G,63.47
B006K42UPS,67.64
B009QYOOUI,44.01
B009QYOPAW,49.57
B009QYOXUE,45.4
B009QYQ2T4,46.79
B009QYQ32A,48.18
B009QYQ3A2,49.57
B009QYQ4ZQ,44.01
B009QYQ56E,44.01
B00FZYFPME,66.25
B00FZYFPNI,69.03
B00FZYFPP6,64.86
B00I4JHYLW,66.25
B00I4JHYPI,69.03
B00I4JHYQC,67.64
B00I4JI2A4,64.86
B00I8CWQH2,49.57
B00IS8RSG0,67.64
B00IS8RTMS,69.03
B00IS8RX1A,67.64
B00KQG9RKW,57.91
B00KR9CU8E,69.03
B00KR9CWV4,74.59
B00KR9CZMA,71.81
B00KR9D0VK,67.64
B00KR9D204,74.59
B00KRWCACM,67.64
B00LN0D3VE,27.33
B00LN0DEIG,27.33
B00NB2GI3M,67.64
B00O1LLEIG,27.33
B00O1S1DTY,44.01
B00O1S1HUE,46.79
B00O1S1L64,48.18
B00O1S1OFW,49.57
B00O1S26GS,71.81
B00O1S27SA,49.57
B00O1S29MO,74.59
B00O1S2B54,44.01
B00O1S2EGA,52.35
B00O1S2G1S,71.81
B00O1S2KGY,74.59
B00O1S2PE6,44.01
B00O1S2U0K,44.01
B00O1S2XEI,46.79
B00O1S30HW,46.79
B00O1S34L4,49.57
B00O1S3B6W,52.35
B00O1S3EF0,52.35
B00PAZDYEO,71.81
B00PAZDYFI,77.37
B00PAZW8LY,71.81
B00PFED47M,130.19
B00PM9XRZ4,139.92
B00RDZGKVS,49.57
B00RDZGKY0,49.57
B00RDZGKYK,52.35
B00RDZGKZO,52.35
B00RDZGL1C,53.74
B00RDZGLBC,49.57
B00TU4PV10,46.79
B00TU4PV1K,46.79
B00TU4PV2Y,44.01
B00TU4PV3I,44.01
B00TU4PV4M,44.01
B00TU4PV4W,46.79
B00TU4PV88,44.01
B00TU4PVAG,46.79
B00TU4PVAQ,44.01
B00XRG0EOG,80.15
B0156TBCW4,77.37
B0156TBCWE,75.98
B0156TBD1O,75.98
B0156TBD82,77.37
B0156TBD9G,77.37
B0156TBDDW,71.81
B0156V175Y,75.98
B0156V17AE,75.98
B0156V17AO,71.81
B0156V17AY,71.81
B0156V17CM,77.37
B0156V17DQ,75.98
B0156V17EU,75.98
B0156V17FE,71.81
B0156V17G8,77.37
B0156V17H2,77.37
B0156V17JU,77.37
B0156V17L8,71.81
B017BN6098,57.91
B018KKG9WO,63.47
B018KKGCJE,67.64
B018KLBXC4,63.47
B018RRES2I,67.64
B01AVT0KKY,48.18
B01AVT0LPI,46.79
B01B6ESTHY,53.74
B01BA72PJU,99.61
B01IW7PPBG,66.25
B01IW7PQR4,67.64
B01K1YTZ9Q,23.1461
B01LQVMCC0,57.91
B01LQVME7I,62.08
B01LWOJGCA,46.79
B01LXYZ9JI,71.81
B01LYB3HNO,46.79
B01M0L466G,44.01
B01M7N87OS,63.47
B06Y5RKLLY,53.74
B06Y5RP3MM,57.91
B06Y5SDXJZ,53.74
B06Y5TP91T,63.47
B06Y5TVDR1,59.3
B06Y5TVFVF,59.3
B06Y5TWKDV,63.47
B06Y5TWM8F,59.3
B06Y5TY1F7,63.47
B06Y5TZS68,62.08
B06Y5WSCDS,53.74
B06Y5WVF7L,53.74
B06Y5YGF3G,62.08
B06Y6291YF,63.47
B06Y62BVTZ,63.47
B06Y62BWKW,59.3
B06Y62M7K4,59.3
B06Y62PMZ3,62.08
B06Y63MMJT,59.3
B06Y647SC8,62.08
B06Y64CFW9,53.74
B06Y64P7QS,59.3
B06Y64Q1WD,63.47
B06Y64W4T5,57.91
B06Y64YTVT,63.47
B06Y65BGB2,57.91
B07141RY1B,63.47
B072F5DZPG,53.74
B073GZFGX1,66.25
B073QXGS7Z,49.57
B073YZB6BH,69.03
B073Z5Q95T,67.64
B073Z5VWDV,64.86
B074LS4VZB,17.5861
B074M1NZS1,17.5861
B0756JMLHX,44.01
B075BT8FCD,62.08
B075C1JX5H,53.74
B075C3TR7J,62.08
B075C4DW23,63.47
B075C57GZM,53.74
B075C64TPZ,57.91
B075C6JLVS,77.37
B075C7Q17M,48.18
B075C826N4,59.3
B0764K97MF,80.15
B076DL1LZW,63.47
B076DLNB7P,75.98
B076JNGVNB,67.64
B076MVHL13,84.32
B076MWXKBL,95.44
B076NFKP4G,77.37
B076PG4JMD,92.66
B076PLKF3X,91.27
B076PLKGMZ,131.58
B076PLYXS9,109.34
B076TCVL8J,59.3
B0776758GY,67.64
B07767K2VW,63.47
B0776DHJL4,57.91
B0776HH8HT,63.47
B0776HRPTF,59.3
B077CFLT4X,59.3
B077QV8VQ6,69.03
B077QXVH43,66.25
B077RGMZDT,63.47
B077RHGF5N,66.25
B077S214TH,66.25
B077WDW37H,88.49
B077XJFKFQ,62.08
B077XMYG3W,59.3
B0784MZ9WZ,63.47
B0784NDV1D,67.64
B078LJSNBZ,77.37
B078LJTY4X,71.81
B078LS141W,75.98
B078LXRG6N,66.25
B078NXHWG2,66.25
B078NZDDMC,63.47
B078NZXCTN,67.64
B078P1HKMK,67.64
B078P2KC5H,66.25
B078P3PGYD,63.47
B078QCZJWH,89.88
B078TYXYRM,89.88
B078V1DD8F,67.64
B078V2JCXW,31.5
B078V2PG39,57.91
B078V5H9GG,27.33
B0793D8N5F,12.04
B0793JGFHV,12.04
B0793JJTYV,12.04
B0793K2SX1,12.04
B0793K9FYX,12.04
B0793KXHT9,12.04
B0793L451J,12.04
B0793LBRFG,16.1961
B0793YCQ2J,69.03
B079478L6Y,89.88
B07958SWM9,49.57
B07958V484,44.01
B07958XN32,46.79
B07958YZCV,48.18
B07958ZG1K,52.35
B0795935VJ,49.57
B0795952M5,46.79
B07959HMSB,46.79
B07959JSR7,46.79
B07959QXLL,52.35
B07959YQN6,44.01
B0795B3W6W,49.57
B0795BDNF6,44.01
B0795C6K84,63.47
B0795D4HXQ,66.25
B0795DQY7K,57.91
B0797YPNW3,46.79
B0797YQ79S,16.1961
B0797YTJJ5,48.18
B0797Z39JL,48.18
B0797ZC1QL,48.18
B0798RHD92,27.33
B079N6C374,53.74
B079N9H6NN,57.91
B079TM6BD9,63.47
B079TN31QH,53.74
B079TN4N38,57.91
B079TXPNGG,56.52
B07B2Y36RW,31.5
B07B2YKX8X,31.5
B07B2YZKNB,12.04
B07B2Z2Y3F,31.5
B07B2Z8P7S,12.04
B07B2Z91XR,31.5
B07B2ZDMGJ,31.5
B07B2ZF6H7,31.5
B07B2ZFNVR,31.5
B07B2ZJG58,16.1961
B07B2ZKGJ8,12.04
B07B2ZL8HX,12.04
B07B2ZMC54,31.5
B07B2ZQ5M8,31.5
B07B2ZRLC3,16.1961
B07B2ZRXTT,31.5
B07B2ZTM58,31.5
B07B2ZWLGN,31.5
B07B2ZXGLV,12.04
B07B2ZXYQG,31.5
B07B311NPJ,31.5
B07B31G2VW,31.5
B07B31GY74,31.5
B07B31N6XK,31.5
B07B31VZVT,31.5
B07B3JP8BM,62.08
B07B3YD1CW,28.72
B07B422148,48.18
B07B66NSLP,52.35
B07B67TQHX,62.08
B07B7PRB9G,71.81
B07BP8GBVB,89.88
B07BT1Y7G1,60.69
B07BT2T9BZ,102.39
B07BTH79MT,60.69
B07BTHF28D,63.47
B07C36XSDF,60.69
B07C3ZCWPT,59.3
B07C3ZSN93,59.3
B07C9TLZJD,69.03
B07C9TN3MS,57.91
B07CNCRV3R,27.33
B07CRD1SZF,59.3
B07CVMNWMM,31.5
B07CVNV99L,31.5
B07CVNX743,31.5
B07D2BMTLM,55.13
B07D336DVD,80.15
B07D41Y7T2,66.25
B07D422NSN,64.86
B07DBLF492,62.08
B07DF91ZQ4,59.3
B07DF9KJZP,63.47
B07DFCHR8D,57.91
B07DLDHWDH,48.18
B07DT9VK89,64.86
B07DTDX4L4,67.64
B07F5SBNGP,48.18
B07F6JJ7PW,69.03
B07FK2VRMQ,71.81
B07FN6RR96,70.42
B07FP7TZKH,131.58
B07FPFNWWY,131.58
B07FPT65ZC,80.15
B07FPVC8DM,80.15
B07FPVJKD2,80.15
B07FR9MYLQ,31.5
B07FRTKXKZ,66.25
B07FV2LFXN,67.64
B07G7GS9LH,27.33
B07G7K971H,27.33
B07G9KZ7DK,57.91
B07G9M2GR6,62.08
B07G9M2W4Y,57.91
B07G9MCDJY,60.69
B07G9MDMDG,62.08
B07G9MP42M,64.86
B07G9MWB3T,64.86
B07G9MWJ8W,62.08
B07G9MZCPZ,57.91
B07G9N7YKS,69.03
B07G9N8NF2,89.88
B07G9N8RYC,64.86
B07G9NQ4JJ,89.88
B07G9NR5Q2,57.91
B07G9NWKHZ,62.08
B07G9NWKJ1,62.08
B07G9NYG57,57.91
B07G9NYG78,52.35
B07G9NYJX1,53.74
B07G9PMYGC,57.91
B07G9PQ6XN,69.03
B07G9PWTVL,62.08
B07G9PZHGG,53.74
B07G9Q9NYM,66.25
B07G9QB47G,62.08
B07G9QNQ4Y,53.74
B07G9RD666,53.74
B07G9RDKGN,62.08
B07G9S6THM,89.88
B07G9SQ53P,64.86
B07GCQB73R,67.64
B07GGYJWVX,49.57
B07GGZ6YK7,69.03
B07GM6JWD3,62.08
B07GM8Z4DR,67.64
B07GM99JNH,60.69
B07H1WJL3C,66.25
B07H1XFDT2,60.69
B07H84FGGN,75.98
B07H8519PY,57.91
B07HGFSHJC,63.47
B07HM43QR6,48.18
B07HWMLTHC,87.1
B07HWMVNLZ,31.5
B07HWMW2BT,45.4
B07HWNG49K,31.5
B07HWNG49R,71.81
B07HWP5TV4,53.74
B07HWPJL61,60.69
B07HWPLJMP,80.15
B07HWQRMWR,48.18
B07HWRK62Z,31.5
B07HWSDMCL,80.15
B07HWSXZ3X,66.25
B07HWSY4GS,71.81
B07HWT7WMJ,31.5
B07HWTRBGQ,44.01
B07HWV2TS2,67.64
B07HWV5KGQ,52.35
B07HWVC16Q,31.5
B07HWVDFF4,12.04
B07HWVWNGH,75.98
B07HWWPHY1,67.64
B07HWWQYKR,31.5
B07HWX4QV6,12.04
B07HWX7C7G,74.59
B07HWX7MSJ,66.25
B07HWXBV6H,63.47
B07HWXD4WY,31.5
B07HWXDVQ6,64.86
B07HWXG9GP,31.5
B07HWYBSWR,31.5
B07HWYMHGK,31.5
B07HWZ61KY,69.03
B07HWZFP6J,12.04
B07HX15ZNP,66.25
B07HX2ZD3B,69.03
B07HX311PX,66.25
B07HX39BQZ,75.98
B07HX3KRR9,59.3
B07HX3TNTW,53.74
B07HX48CFK,31.5
B07HX4J5MW,52.35
B07HX5G39D,12.04
B07HX5G39G,12.04
B07HX61KT3,31.5
B07HX65P1Z,64.86
B07HX686BR,84.32
B07HX6JRY8,31.5
B07HX8WWJY,66.25
B07HX9JHBG,85.71
B07JB94NCK,60.69
B07JBJFJJ8,27.33
B07JC9Z3JW,63.47
B07KT74SBK,63.47
B07KT8PS7P,60.69
B07KT8SKN1,63.47
B07KT8Z47W,60.69
B07LBYD7XB,31.5
B07LBYRK5B,34.28
B07LBYY3KL,31.5
B07LBYZWVK,34.28
B07LBZGQJD,99.61
B07LBZRCD7,31.5
B07LBZVTRG,31.5
B07LC11VCP,31.5
B07LC14WYZ,31.5
B07LC1F4Y2,31.5
B07LC1KLVP,31.5
B07LC1NFP7,31.5
B07LC1WC2N,31.5
B07LC2GXZT,31.5
B07LC34HPV,31.5
B07LC3L4N7,31.5
B07LFBWC8L,67.64
B07LFC28NW,12.04
B07LFCDLDM,62.08
B07LFJDD77,64.86
B07LFJR8MN,66.25
B07LFKFV81,67.64
B07LFKHVQ7,67.64
B07LFKVSGY,67.64
B07LFL1C2V,67.64
B07LFL5CRF,67.64
B07LFLHQPZ,60.69
B07LFLL8XX,67.64
B07LFLNC6Z,64.86
B07LFM2WM5,75.98
B07LFMG84F,67.64
B07LFMHLD6,75.98
B07LFMHYZZ,67.64
B07LFMKC8N,75.98
B07LFMKRF3,75.98
B07LFMLWGN,75.98
B07LFMT2C2,75.98
B07LG5KWNG,73.2
B07LGD45LC,75.98
B07LGDDCB7,73.2
B07LGDLB6C,73.2
B07LGDNL6G,73.2
B07LGDR322,75.98
B07LGDY4SL,75.98
B07LGDYYYT,75.98
B07LGDZ4YW,75.98
B07LGF8KZ8,75.98
B07LGFJ1DP,75.98
B07LGFRCWV,73.2
B07LGFWJFC,75.98
B07LGG3MXG,73.2
B07LGGF2W2,73.2
B07LGHR61T,75.98
B07LGHTWBV,73.2
B07MS8VT2M,67.64
B07N2X9KTY,59.3
B07N66KFWC,57.91
B07N68MSH3,62.08
B07N6FY1Q9,55.13
B07N6HN434,64.86
B07N6HVMSK,60.69
B07NCLMZD7,64.86
B07NNP8BRS,57.91
B07NPGBNHC,71.81
B07PDHS3ZN,49.57
B07PDHS674,50.96
B07PDN41MF,59.3
B07PF93YMN,57.91
B07PFFKM11,53.74
B07PFFM9S3,50.96
B07PFFMKLZ,49.57
B07PGHFJMC,49.57
B07PGJ2M9B,50.96
B07PGK11WH,53.74
B07PGKWQDM,53.74
B07PGKYRZ9,52.35
B07PHKN9LW,62.08
B07PHL9T1D,52.35
B07PHLGYH6,52.35
B07PJ1JL89,63.47
B07PJPLKQW,53.74
B07PMRWBG5,70.42
B07PNT3L9P,66.25
B07PNT48N2,75.98
B07PVPYGS6,63.47
B07PWM6NV3,60.69
B07PXXQYR4,77.37
B07PYY6FH4,66.25
B07PZVTRXR,67.64
B07PZWLW96,52.35
B07Q3XSSHS,57.91
B07R99JVXT,17.5722
B07RBFSYN6,17.5722
B07RDQNPJJ,64.86
B07RDWS2GZ,17.5722
B07RJTQ99V,59.3
B07RL2TLX7,66.25
B07RZ9M99J,57.91
B07S376X32,57.91
B07S37C51X,30.0961
B07S49F8CY,48.18
B07S8XXDCG,31.5
B07SC4D3JM,31.5
B07SC4DCN3,31.5
B07SD6THQN,31.5
B07SD7CWX6,31.5
B07SD7QN89,31.5
B07SF75TFV,31.5
B07SF8MS9S,31.5
B07TJCLN1X,64.86
B07TLHFBRZ,66.25
B07TRQ55RH,64.86
B07TS5W9R6,64.86
B07TS5WHBM,66.25
B07TSBCXWL,55.13
B07TSBDM2V,30.0961
B07TSBDY26,75.98
B07TT9BGVK,103.78
B07TTFT2NJ,23.1461
B07TTFTG92,163.55
B07TTFTLBL,63.47
B07TTFV6S4,80.15
B07TVGG1S5,27.33
B07TVGH4VW,60.69
B07TWB6821,59.3
B07TWK97VF,80.15
B07TWK9TMB,27.33
B07TWK9Z9V,60.69
B07TWSX572,62.08
B07TXBY9T5,60.69
B07TXCH88F,60.69
B07TXN7HKW,75.98
B07TXN97SD,17.5722
B07TXNB4GZ,75.98
B07TXWW3QD,64.86
B07TYHB9NY,60.69
B07TYKQG1J,63.47
B07TYL3YZ5,66.25
B07TYLD26N,48.18
B07V5WL3TJ,89.88
B07VBMSSPL,60.69
B07X2Z973F,64.86
B07X43FYCC,63.47
B07X63XHGH,66.25
B07XBM7YNH,62.08
B07XCQ47BF,63.47
B07XDLRBJT,71.81
B07YLYX5K1,60.69
B07YYYMPNX,60.69
B07ZDGXSMX,66.25
B07ZPD6FYS,80.15
B07ZZCTPY6,44.01
B07ZZFVMRZ,46.79
B07ZZGR25H,49.57
B07ZZH3NGZ,48.18
B07ZZLG2QM,31.5
B07ZZLL363,31.5
B07ZZM2VJY,31.5
B07ZZMCD5Z,31.5
B081S2FG53,63.47
B081S5S3L1,57.91
B081S8VWMY,57.91
B081SL5CN7,66.25
B081TS7G5V,78.76
B081Z7XHQ4,59.3
B081ZGBQR4,69.03
B08283WHG7,53.74
B08283YQHJ,53.74
B082849F3S,57.91
B082849TF3,53.74
B082VVT7YF,64.86
B082VVYQJ6,69.03
B082VWHKHS,45.4
B082VWHYMF,66.25
B082VWL4WL,44.01
B082VWQ5CW,45.4
B082VWRZN8,48.18
B082VWTPM4,56.52
B082VWWCS4,56.52
B082VWWF57,44.01
B082VWZCXP,44.01
B082VWZQ1B,56.52
B082VX251R,44.01
B082VX44WN,48.18
B082VX62K6,56.52
B082VX6PTK,56.52
B082VXX3M3,56.52
B084KRTJRY,31.5
B084KXGNPS,31.5
B084KZ5J5T,31.5
B084KZNN38,31.5
B084ZWR3W4,17.6
B084ZXDTNY,17.6
B084ZXF6QJ,17.6
B084ZXJPSB,17.6
B084ZXTPY6,48.18
B084ZXVY1C,48.18
B0857L7ZFM,31.5
B0857LRC3L,31.5
B0857LT9PD,31.5
B085885B8X,31.5
B08641WHNR,67.64
B08641X3SJ,66.25
B08641Z6TQ,64.86
B0864273ZY,75.98
B08642GVHT,64.86
B08642RWR4,67.64
B08642S43T,59.3
B08642V8KM,63.47
B08642X5KS,66.25
B08642Z1FN,66.25
B086434V2X,66.25
B086438BCD,67.64
B08643BD45,67.64
B08643C3KJ,62.08
B08643GF3X,67.64
B08643KDDC,64.86
B08643LK7D,64.86
B08643M777,66.25
B08643Q95N,67.64
B08643QN9P,64.86
B086VP94L9,92.66
B086VPBNWQ,92.66
B0874SL5VC,67.64
B0882LQ4DV,37.06
B0882PJJT2,37.06
B0882PVCKP,37.06
B0882Y297K,37.06
B08886Z9ZC,89.88
B08B1VXVRN,9.2461
B08C2CSJCB,67.64
B08CDBRN5Y,48.18
B08CGGMNY4,53.74
B08CGHKXW4,132.97
B08CGK1DBQ,55.13
B08CGKXL9L,160.77
B08CGP5RG9,57.91
B08CGYB5WW,52.35
B08CK9FVFP,78.76
B08CKGXSVC,81.54
B08CKP8PQB,78.76
B08CMJX2T1,78.76
B08CMQY2PG,75.98
B08CMTMK8Z,81.54
B08CN19ZS1,78.76
B08CRGB8FM,46.79
B08CRKQMW4,46.79
B08CRLWGZ6,46.79
B08CRMX15X,46.79
B08CRPQ2TK,57.91
B08CRR19XD,159.38
B08CTVNQX2,60.69
B08CTXJV25,60.69
B08CTZ2QJ3,60.69
B08CV6CVSD,66.25
B08CV6LMHV,64.86
B08CZL5C1Q,27.33
B08D686BV5,44.01
B08D6FYSWH,75.98
B08D7HCDRX,66.25
B08D7HRKC5,67.64
B08D7HRRH9,69.03
B08D8ZKSPX,71.81
B08DCSVWVG,75.98
B08DCW1NVN,71.81
B08DDCKMB5,71.81
B08DKFKLHB,62.08
B08DNGJXQW,66.25
B08DQND82H,67.64
B08DR3NVQP,60.69
B08DR3R38X,67.64
B08DR4M4D3,63.47
B08DR5146J,66.25
B08DXRNMT6,64.86
B08F21ZQNX,31.5
B08F23YW9F,31.5
B08F24RY35,31.5
B08F2B68K9,31.5
B08F51H6JX,126.02
B08F9VDXYY,55.13
B08FJC4H82,31.5
B08FZQ86LC,78.76
B08FZQKQM6,81.54
B08GL2DPFV,57.91
B08J44J82H,80.15
B08J4CKYJB,63.47
B08KJ5QF3R,27.33
B08LZZ4K2Y,71.81
B08MV7F876,95.44
B08MV7JNFW,95.44
B08MV7M139,95.44
B08MV8PCX8,95.44
B08MV98CKP,95.44
B08MWR6XZ7,71.81
B08PFPFKJY,75.98
B08PTKCCF9,75.98
B08PTLD29L,73.2
B08PTM3P25,75.98
B08Q3FCW4D,24.5361
B08QDHJSLK,71.81
B08QHZKNP2,85.71
B08QJ24DTM,85.71
B08QJ31RCH,85.71
B08QJ31WCQ,85.71
B08QJ3PCHY,85.71
B08RDBHHJS,17.6
B08S9596NX,17.6
B08S9MDV4D,17.6
B08TB6LPHM,66.25
B08TB6YT7H,64.86
B08TB84SLK,67.64
B08THQYRST,44.01
B08TP4RMH3,48.18
B08TP4XT2F,66.25
B08TP6XR1Z,57.91
B08TP8LYPH,67.64
B08TP8MC48,67.64
B08TP8N6T7,75.98
B08TPL8BLQ,64.86
B08TPSXV9S,64.86
B08TW7CPZH,67.64
B08TW7ZHTM,66.25
B08TWC8FDV,60.69
B08TWCYKV1,63.47
B08TWDW1X2,63.47
B08TWDWZ6P,67.64
B08TWF7M6C,66.25
B08TWF87LC,60.69
B08TWFHMB4,57.91
B08TWFKP4L,67.64
B08TWFR91B,57.91
B08TWG2FDK,60.69
B08V83QYY2,27.33
B08V855MZ9,63.47
B08V8921VD,63.47
B08V8DR4DD,31.5
B08V8FRVPW,27.33
B08V8H2VWB,31.5
B08V8LF88M,124.63
B08V8LYB35,28.72
B08V8M5G5H,27.33
B08V8NVS9Z,31.5
B08V8P8TB6,28.72
B08V8XLYZ3,28.72
B08VBDZKK3,31.5
B08VBH46G6,31.5
B08VBWMWVH,31.5
B08VC1QJZP,67.64
B08VC67SHK,31.5
B08WH6LKJG,67.64
B08WM2NHDP,64.86
B08WM2PM7Z,64.86
B08WM2XG33,67.64
B08WM4KX57,67.64
B08XJG2PQY,24.5361
B08XJG4QZ1,24.5361
B08XJN7R4B,24.5361
B08XK9XX2V,24.5361
B092V1951Y,71.81
B093S9LYLT,71.81
B093WD15C7,71.81
B09463GQN3,12.04
B09466RLP5,12.04
B095J18FXW,71.81
B095J3RQK2,77.37
B097NBT92M,57.91
B097NF6N51,59.3
B097TR3QYB,60.69
B098S2LBZ3,69.03
B099QTP382,57.91
B09BFLQX29,69.03
B09F5988Y7,53.74
B09F5CD9JN,57.91
B09F5FN5X1,135.75
B09F5FZGY7,63.47
B09F5G481J,94.05
B09F5JMLVY,135.75
B09F5JP8BL,94.05
B09F5MCVQK,94.05
B09F5MJ6LM,135.75
B09F5MR6XC,135.75
B09F5RWSYD,62.08
B09F5SCYM9,135.75
B09F5SDT2Y,59.3
B09F5V7FFM,94.05
B09F5XNJ9R,94.05
B09F71WZ3X,91.27
B09F72QC8R,91.27
B09F73FN5W,91.27
B09F73HXKP,91.27
B09F74K6S1,91.27
B09F9ZQ1KP,31.5
B09FB1CZL1,135.75
B09FB1DLSV,135.75
B09FB21FQG,31.5
B09FB3QQNR,135.75
B09FB41GR3,31.5
B09FB59Y7L,31.5
B09FBMQ65X,135.75
B09FTHLHY5,24.5361
B09FTJ3R9Z,73.2
B09FTJCFK7,66.25
B09FTKLJ9Z,31.5
B09FTL82NM,69.03
B09FTLMKKG,31.5
B09FTM1NVM,31.5
B09FTMRWXD,31.5
B09FTMYT92,31.5
B09FTN2TZ2,31.5
B09FTND7L8,31.5
B09FTNDNLJ,31.5
B09FTNQVJQ,31.5
B09FTNTG5S,31.5
B09FTNXYSP,31.5
B09FTPR5HJ,31.5
B09FTPRZLD,31.5
B09FTPXVH5,31.5
B09FV6V9F7,31.5
B09HZYVSRT,57.91
B09HZZ1YHV,53.74
B09HZZ9LWC,52.35
B09HZZL5CL,55.13
B09HZZSPDL,52.35
B09HZZTMG2,55.13
B09HZZYHZJ,55.13
B09J11Z86G,57.91
B09J1228JS,57.91
B09J127K2F,52.35
B09J1284JW,53.74
B09LLHRW42,53.74
B09NDX2711,88.49
B09NDX68JM,88.49
B09NJQNCSM,31.5
B09NL5WJVJ,89.88
B09NL9MV3F,31.5
B09NLCX8CK,31.5
B09NLGM9CL,31.5
B09NML7PGZ,46.79
B09NMLTPXV,135.75
B09NMMGNP8,135.75
B09NMMKWT1,135.75
B09NMMTZTH,135.75
B09NMP1LFG,135.75
B09NMQ9N8B,69.03
B09NMQYLN5,69.03
B09NMRHWFJ,59.3
B09NMS2STF,57.91
B09NMS424P,67.64
B09NMSFSRQ,60.69
B09NMSJH52,80.15
B09NQJST3W,46.79
B09NQJTYPL,44.01
B09NQKBWV6,44.01
B09NQKCNN7,46.79
B09NQKV4ND,44.01
B09NQM7SRB,46.79
B09PV77ZN7,80.15
B09QKJLMBM,71.81
B09QKJQ9Q1,63.47
B09QKKCP2V,62.08
B09QKKGLTX,62.08
B09QKKZ7J7,57.91
B09QKLDS5G,69.03
B09QKLQM9Z,77.37
B09SKY47NC,135.75
B0B15MDXCJ,17.6
B0B15NQMZJ,17.6
B0B15PXVYT,17.6
B0B15QZ6V1,17.6
B0B15RC3P9,17.6
B0B15RPFPV,18.99
B0B1668H68,17.6
B0B169C4FV,18.99
B0B16CPQ4M,17.6
B0B16DCCR9,17.6
B0B16FLJ2G,17.6
B0B16HHVDX,18.99
B0B16MCNR6,17.6
B0B1JND6KT,74.59
B0B1JPJJXP,77.37
B0B1JPP785,84.32
B0B1JPQ8VX,74.59
B0B1JQNKVJ,77.37
B0B1JR17R5,80.15
B0B1JRJMSW,80.15
B0B1JRMCR1,80.15
B0B1JRPBQ4,84.32
B0B1JRZTRX,82.93
B0B1JS285Q,82.93
B0B1JS92RR,82.93
B0B1KDPPWY,77.37
B0B1VT2YXG,17.6
B0B2FGX654,56.52
B0B2LY72WD,69.03
B0B2LZZY27,75.98
B0B2M1295C,66.25
B0B2M74YH5,73.2
B0B3V6N985,17.6
B0B3V7MPZJ,17.6
B0B3V7SPPZ,17.6
B0B3W7KSJV,21.77
B0B3W7S2QT,21.77
B0B3W82CRT,21.77
B0B3W8CB57,21.77
B0B4D415SQ,17.6
B0B4HFZVGK,17.6
B0B4HG6D15,17.6
B0B4HGLQTK,17.6
B0B4HGXKX9,24.55
B0B4HH4JV8,24.55
B0B4HH7YT4,24.55
B0B4HHJ9D4,24.55
B0B4HHJW5T,24.55
B0B4HHN9N4,24.55
B0B4HHTXFH,24.55
B0B4HJ2Q3C,24.55
B0B4HJBHDJ,24.55
B0B4HJJRMR,24.55
B0B4HJSGM5,24.55
B0B4HNT4SG,24.55
B0B4PT9G11,31.5
B0B55V5BN9,57.91
B0B55WNYNR,60.69
B0B562HR3V,60.69
B0B5FHWF61,71.81
B0B5FJTGBD,71.81
B0B5P4S3CP,71.81
B0B65VZCYL,37.06
B0B67XYNNM,89.88
B0B7B7H9GL,46.79
B0B7BF82YB,46.79
B0B7SLSJXJ,71.81
B0B7SNX8QD,77.37
B0B7SP14K9,75.98
B0B7SPFMNR,71.81
B0B7ZSTM8P,44.01
B0B7ZTZXF7,44.01
B0B7ZXFD5Z,44.01
B0B7ZY5HWK,31.5
B0B7ZYQ747,44.01
B0B819BS8P,44.01
B0B81XVB2H,30.0961
B0B8C8Y9SZ,56.52
B0B978VK2Z,21.77
B0B9794WXN,21.77
B0B979GMDK,21.77
B0B97B7KPR,21.77
B0B9B1NYNJ,17.6
B0B9B21NWB,17.6
B0B9B2D3VS,17.6
B0B9B2DSHR,17.6
B0B9B3KDF1,17.6
B0B9B3YRCV,17.6
B0B9C88Q47,21.77
B0B9GXRQVY,21.77
B0BB8MR6CT,57.91
B0BB8PVS1X,60.69
B0BBJQMM7S,75.98
B0BBKGYPVG,75.98
B0BBL4SDN2,77.37
B0BBL6YGHC,71.81
B0BCPTS14T,77.37
B0BGH89GST,71.81
B0BLNZKQXK,38.45
B0BLNZRYL7,38.45
B0BMVSX4C8,74.59
B0BMVT7JZ2,52.35
B0BMVTQRJK,74.59
B0BMVTX3MS,74.59
B0BMVVCHQ2,74.59
B0BMVW3KM2,74.59
B0BMVW9SNF,74.59
B0BMVWP737,74.59
B0BMVWPYLT,74.59
B0BMVWR5MJ,74.59
B0BMVWSZZC,74.59
B0BMVX2Q87,74.59
B0BMVX5WL6,74.59
B0BMVY6LZ5,74.59
B0BMW7S7YB,74.59
B0BMW7W629,74.59
B0BN238SJN,75.98
B0BN23H1FZ,73.2
B0BN24BL3B,69.03
B0BN24DHCM,69.03
B0BN24Y9HS,73.2
B0BN255595,66.25
B0BN255CSR,66.25
B0BN5LX883,49.57
B0BN5MJN4M,53.74
B0BN5MLV5X,50.96
B0BN5N4VLR,52.35
B0BN8R6FDH,34.28
B0BSLNLVN4,31.5
B0BSLNS1KC,31.5
B0BSLPTKCD,31.5
B0BSLQQZ3K,31.5
B0BSLRL7G4,34.28
B0BVXQQGXR,18.99
B0BVXXBZ1P,18.99
B0BVXYGH74,21.77
B0BVY2Y7K5,18.99
B0BVY32GYQ,21.77
B0BVY47L52,18.99
B0BVY5G8RQ,18.99
B0BVY5K1T2,18.99
B0BVY5NWTH,18.99
B0BVY9TRVT,18.99
B0BVYCHHNL,18.99
B0BVYD24D7,18.99
B0BVYDF13C,18.99
B0BVYNFV7G,17.6
B0BVYNVY7V,21.77
B0BVYP3GRS,18.99
B0BVYS9P3L,18.99
B0BVYV49GR,21.77
B0BWC2WTZ9,21.77
B0BWCFLVSM,21.77
B0BWCQJMMZ,21.77
B0BXVX8NWD,73.2
B0BXVZ45JH,73.2
B0BXVZGQM8,73.2
B0BXW1W9TF,73.2
B0BXW2NMHC,73.2
B0BXW331KR,73.2
B0BXW46F3D,73.2
B0BXW4NY34,73.2
B0BXW4Y949,34.28
B0BXW67CRK,34.28
B0BXW6VHP5,34.28
B0BYY7GJNX,31.5
B0BYY8HTN3,31.5
B0BYY9M968,31.5
B0BYY9NZV6,31.5
B0BYY9TSKJ,34.28
B0BYYBCVHL,31.5
B0C22BW4L1,24.5361
B0C22TR1VR,24.5361
B0C9DWCN4B,17.6
B0C9DXKB87,17.6
B0C9DYZ55K,17.6
B0C9F1YV9H,17.6
B0CBQ5WCGQ,34.28
B0CCPLJZWM,24.5361
B0CFFVH9JD,17.6
B0CFFXWS9Q,17.6
B0CFFYF814,18.99
B0CFFYKHXG,18.99
B0CFFZ3CND,18.99
B0CFFZ3GRH,18.99
B0CFFZV484,17.6
B0CFFZXYN3,17.6
B0CFG11XM6,18.99
B0CFG131N9,17.6
B0CFG23W94,17.6
B0CFRFZYZX,17.6
B0CG9VGPB7,34.28
B0CG9W233T,34.28
B0CG9W26B7,34.28
B0CG9W4BBN,34.28
B0CG9WV6MM,34.28
B0CG9Z45BG,34.28
B0CHWHF2HS,31.5
B0CHWJP4CK,31.5
B0CHWKKQ5N,31.5
B0CHWKN4YM,31.5
B0CHWKTBNP,31.5
B0CHWL18LW,31.5
B0CHWLHBKZ,31.5
B0CHWLM7BB,31.5
B0CHWLWJ6Q,31.5
B0CHWLYG96,31.5
B0CHWMB41K,31.5
B0CHWMJFM2,31.5
B0CHWMM1N8,31.5
B0CHWMP1ZS,31.5
B0CHWMWHYG,31.5
B0CHWNG5HR,31.5
B0CHWNQQ8X,31.5
B0CHWP137W,31.5
B0CHWP6DTS,31.5
B0CHWTGVNB,31.5
B0CJ5KZ44C,31.5
B0CJ5LFZ7S,31.5
B0CJ5MG9ZQ,31.5
B0CKLRQ6RT,34.28
B0CKLSJYMP,34.28
B0CKLTSB1N,34.28
B0CKLVWT1V,34.28
B0CKWCVJM3,17.6
B0CKWDPK9R,21.77
B0CKWDRBTM,17.6
B0CKWDV9H1,17.6
B0CKWDZRSK,21.77
B0CKWF5HWP,17.6
B0CKWFB5KM,21.77
B0CKWFF9FL,21.77
B0CKWFW5Z7,21.77
B0CKWG12R5,17.6
B0CKWG6ZK8,21.77
B0CKWGCH94,17.6
B0CKWGGJN8,21.77
B0CKWGQRWX,21.77
B0CKWGSL2L,18.99
B0CKWHKCNL,21.77
B0CKWHMXKZ,21.77
B0CKWHWQ5X,17.6
B0CKWHXMQ3,17.6
B0CKWJSZGB,17.6
B0CKWKQWQT,17.6
B0CLVS839N,21.77
B0CNRXJGWR,56.52
B0CNRXPYZ3,56.52
B0CNRXRMZ9,56.52
B0CNRYMZ3N,56.52
B0CNS17GD2,56.52
B0CQ2VKBXF,80.15
B0CQ2XJC3N,103.78
B0CQ2Y79VM,103.78
B0CQ2YD664,80.15
B0CQ2YN44Y,102.39
B0CQ2ZC5VX,102.39
B0CQTMDDWN,66.25
B0CQTMTFH8,69.03
B0CR1PV514,75.98
B0CR1QM7W1,18.99
B0CR1RDQY8,21.77
B0CR1RTVGG,17.6
B0CR1SPXZ8,17.6
B0CR4B3TBT,21.77
B0CR4BD3BW,18.99
B0CSDMX8JK,48.18
B0CSG4W6FB,24.5361
B0CSG6W55D,31.5
B0CSG91FBL,24.5361
B0CSG9LRKQ,24.5361
B0CST5CMLG,31.5
B0CST5PYXR,34.28
B0CST5Q4RZ,31.5
B0CST5R2F8,31.5
B0CST67SQT,31.5
B0CST6C9J8,34.28
B0CST6K3ND,31.5
B0CST6VP7J,31.5
B0CST6XYVJ,31.5
B0CST7SZ3J,31.5
B0CTLKMD8M,31.5
B0CTLNDMHG,31.5
B0CTLPPFZZ,31.5
B0CTLQ17TW,31.5
B0CTLRCHCQ,31.5
B0CTLRCT2W,31.5
B0CTM1Z625,31.5
B0CV4FLX25,91.27
B0CV4GC1CP,91.27
B0CV4GLHLG,91.27
B0CV4GVMM7,91.27
B0CVQR9DY8,66.25
B0CVS5X1ND,62.08
B0CVS7JNKW,64.86
B0CZ4CFF8Z,31.5
B0CZ4D4YM7,34.28
B0CZ4DXPWL,31.5
B0CZ4DYY36,31.5
B0CZ4F476B,31.5
B0CZ4F4SM2,31.5
B0CZ4F6HN9,31.5
B0CZ4F8L3V,34.28
B0CZ4FD19Z,31.5
B0CZ4FF1V1,31.5
B0CZ4FG3CQ,31.5
B0CZ4FMTVJ,34.28
B0CZ4FSF8D,31.5
B0CZ4G15RN,31.5
B0CZ4G76MZ,31.5
B0CZ4G93CP,34.28
B0CZ4G99MG,31.5
B0CZ4GHWFW,31.5
B0CZ4GMFV8,31.5
B0CZ4GSVRD,34.28
B0CZ4GV2D1,31.5
B0CZ78SZS6,31.5
B0CZ78WVW5,31.5
B0CZ78ZWFN,31.5
B0CZ7B377Z,31.5
B0CZ7BDHHD,34.28
B0D1YGLTN4,9.2461
B0D1YL3TC6,70.42
B0D1YN7N7V,67.64
B0D6W7G2MG,55.13
B0D6W8YTBM,52.35
B0D6W9122B,55.13
B0D6W96J4Q,52.35
B0D6W99XDJ,53.74
B0D6W9FSRP,53.74
B0D6WB519R,52.35
B0D6WBC1PN,56.52
B0D6WBKZWG,53.74
B0D6WBR9ZP,56.52
B0D6WDD8VP,56.52
B0D6WDW4PV,50.96
B0D6WFSVC7,55.13
B0D8JHPF5C,31.5
B0D8JHWP8B,31.5
B0D8JK5D4B,31.5
B0D8JMBFGJ,31.5
B0D9NSWQ74,23.1461
B0DK9ML92T,12.5821
B0DK9N3WFJ,12.5821
B0DK9P2TCS,12.5821
B0DK9PGMHD,12.5821
B0DK9PKDX7,12.5821
B0DK9PKHKN,12.5821
B0DK9PN67Z,12.5821
B0DK9PQ3VZ,12.5821
B0DK9PVWTP,12.5821
B0DK9Q4DSG,12.5821
B0DK9QKGXY,12.5821
B0DK9QSLMS,12.5821
B0DNMR3VFZ,34.28
B0DNMX58D4,34.28
B0DNMX66YX,31.5
B0DNMXTY8T,31.5
B0DNMYBBPV,31.5
B0DNMYK18N,31.5
B0DP4YDLQT,23.1461
B0DQDQGRWZ,24.55
B0DQDQRZHF,24.55
B0DQDQS6C3,24.55
B0DQDTCQRT,24.55
B0DXFF51P3,48.18
B0DXFF938K,57.91
B0DXFFMMLZ,57.91
B0DXFFN4X5,53.74
B0DXFG9LYF,52.35
B0DXFG9LYJ,48.18
B0DXFGXBVN,53.74
B0DXFH5M24,52.35
B0DXFH5VT1,48.18
B0DXFHB4N4,53.74
B0DXFHGF2B,53.74
B0DXFJD3VT,53.74
B0DXFJKG4P,57.91
B0DXFJT4PJ,57.91
B0DXFJY6ST,53.74
B0DXFNGH4Z,73.2
B0DXFR4T1W,135.75
B0DXFSMGDX,73.2
B0DXFTM992,135.75
B0FD41Q4B3,48.18
B0FD42117M,44.01
B0FD4221RM,46.79
B0FD42DWR4,49.57
B0FKTHVKG7,78.76
B0FKTKRTCD,78.76
B0FKTKXDLX,106.56
B0FKTMWC1P,106.56
B0FMS2F3M4,64.86
B0FMS2KNRW,64.86
B0FMS2PBLM,62.08
B0FMS2VTGK,62.08
B0FMS3PG8S,64.86
B0FMS3WS4Q,62.08
B0FMS3X5HH,66.25
B0FMS44R5C,62.08
B0FMS4FXHP,62.08
B0FMS4GRSM,62.08
B0FMS4QHXJ,62.08
B0FMS4XSS1,62.08
B0FMS52L55,62.08
B0FMS5543Y,66.25
B0FMS5JZZC,62.08
B0FMS5P815,62.08
B0FMS5P81D,62.08
B0FMS6DP6C,64.86
B0FMS77H71,66.25
B0FMS79RGV,66.25
B0FNRK89HS,66.25
B0FNRM6D7M,64.86
B0FNRMBFWF,62.08
B0FNRPCVQL,62.08
B0FNRPLZTX,62.08
B0FP2RYCMQ,221.93
B0FP2S3QKW,221.93
B0FP2T42F5,221.93
B0FP2TNCB1,221.93
B0FPD4BJMR,67.64
B0FR5BJGNQ,221.93
B0FR5GCL7G,221.93
B0FTGCP6TL,10.6361
B0FV8LZ6NV,34.28
B0FV8MYW52,31.5
B0FV8N5SSJ,31.5
B0FV8NFWCS,31.5
B0FV8PW18G,31.5
